ader;1
agabashian;8
ascari;6
banks;3
bettenhausen;11
biondetti;1
bira;5
bonetto;4
branca;2
walt_brown;2
cabantous;4
cantrell;1
darter;8
chaboud;2
chiron;6
chitwood;1
claes;5
comotti;2
george_connor;3
crossley;1
davies;5
graffenried;5
dinsmore;3
etancelin;2
fagioli;2
fangio;7
farina;4
faulkner;4
flaherty;4
fohr;1
abecassis;2
ayulo;4
ball;2
fischer;1
forberg;1
force;2
parker;1
gerard;2
aston;1
balsa;1
bayol;5
bechem;2
behra;8
bianco;1
brandon;2
alan_brown;3
brudes;1
bryan;9
cantoni;1
carini;2
collins;7
crespo;1
crook;2
cross;4
adolff;1
john_barber;1
barth;6
bauer;1
georges_berger;2
birger;2
cruz;1
daywalt;6
terra;1
armi;1
beauman;1
bucci;2
crockett;1
daponte;1
riu;1
duncan;1
elisian;5
flockhart;5
andrews;2
boyd;6
jack_brabham;16
castellotti;3
ray_crawford;3
ramos;2
fairman;6
fitch;1
freeland;4
frere;2
bonnier;16
brooks;6
chapman;1
christie;5
portago;2
emery;2
garrett;2
bueb;3
cheesbourg;3
beaufort;8
tomaso;1
edmunds;1
england;1
george;1
gibson;1
godia;1
gonzalez;1
allison;4
george_amick;1
bisch;1
bridger;1
burgess;6
cabianca;3
filippis;2
ecclestone;1
foyt;2
amick;2
arnold;1
ashdown;1
bianchi;7
blanchard;1
branson;2
bristow;2
cabral;4
cade;1
constantine;1
davis;2
Changy;1
bonomi;1
chimeri;1
clark;9
creus;1
daigh;1
drake;1
drogo;1
estefano;3
ashmore;2
baghetti;7
bandini;7
boffa;1
bordeu;1
bussinello;3
campbell-jones;3
collomb;4
duke;1
gendebien;1
ginther;7
greene;2
gregory;4
gurney;9
hall;3
hansgen;3
herrmann;1
hill;15
phil_hill;4
ireland;5
abate;2
arundell;4
chamberlain;1
harris;1
hocking;1
johnstone;1
kuhnke;1
lederle;2
amon;14
anderson;5
blokdyk;2
ernesto_brambilla;1
broeker;1
klerk;4
vos;1
dochnal;1
driver;2
hailwood;7
attwood;5
bucknum;3
gardner;3
love;8
maggs;1
mclaren;6
mitter;1
andre_pilette;1
raby;1
revson;1
rindt;4
bassi;1
blignaut;1
bondurant;2
charlton;9
clapham;1
gubby;1
hawkins;1
hulme;10
irwin;2
lawrence;1
ligier;2
parkes;2
rodriguez;2
geki;1
scarfiotti;1
siffert;2
solana;1
spence;1
stewart;2
surtees;2
ahrens;2
beltoise;8
botha;1
courage;4
fisher;1
hahne;3
hart;1
hobbs;4
ickx;13
tom_jones;1
moser;4
oliver;6
mario_andretti;14
bell;6
brack;3
adamich;5
elford;3
pescarolo;4
pretorius;2
redman;1
cordts;1
eaton;3
lovely;3
miles;2
pease;1
gavin;1
tingle;1
cevert;4
emerson_fittipaldi;11
galli;4
gethin;5
giunti;1
hutchison;1
peterson;3
barber;2
beuttler;3
Cannoc;1
craft;1
donohue;3
ganley;4
jarier;12
jean;1
lauda;12
marko;2
depailler;8
wilson_fittipaldi;3
merzario;5
migault;1
pace;2
posey;1
bueno;1
follmer;1
hunt;7
keizan;3
mass;7
mcrae;1
purley;1
ashley;4
belso;1
brambilla;7
dolhem;1
edwards;3
facetti;1
jabouille;7
kinnunen;1
koinigg;1
laffite;13
larrousse;1
brise;1
crawford;1
ertl;5
evans;2
fushida;1
henton;4
jones;10
leclere;2
lombardi;2
lunger;4
magee;2
andersson;2
binder;3
brown;1
villota;4
galica;2
hasemi;1
hoffmann;2
hoshino;2
kessel;2
hayje;1
bleekemolen;2
dryver;1
francia;2
giacomelli;8
heyer;1
keegan;4
kozarowitzky;1
leoni;2
arnoux;12
cheever;11
colombo;1
daly;5
gimax;1
gabbiani;2
lees;4
ongais;1
brancatelli;1
angelis;8
gaillard;1
lammers;5
patrese;12
piquet;10
pironi;4
rebaque;3
regazzoni;2
reutemann;2
ribeiro;1
keke_rosberg;6
scheckter;1
cogan;2
cesaris;15
johansson;10
kennedy;1
mansell;14
needell;1
prost;10
alboreto;14
borgudd;2
ghinzani;8
guerra;1
londono;1
salazar;2
baldi;4
boesel;2
byrne;1
fabi;5
guerrero;2
moreno;6
paletti;1
acheson;2
boutsen;11
cecotto;2
corrado_fabi;2
palmer;6
schlesser;2
serra;1
sullivan;1
surer;2
alliot;9
bellof;2
berger;14
brundle;12
gartner;1
hesnault;2
martini;9
rothengatter;3
senna;5
streiff;3
capelli;9
danner;4
berg;1
caffi;6
dumfries;1
nannini;3
campos;2
dalmas;5
fabre;1
forini;1
larini;7
modena;6
satoru_nakajima;4
bailey;2
gugelmin;5
larrauri;2
sala;1
raphanel;1
alesi;13
barilla;2
bernard;4
bertaggia;1
donnelly;2
foitek;2
gachot;6
grouillard;4
herbert;12
lehto;6
gary_brabham;1
brabham;2
langes;1
morbidelli;5
barbazza;2
bartels;1
blundell;4
chaves;1
comas;4
hakkinen;11
hattori;1
amati;1
belmondo;2
chiesa;1
fittipaldi;3
damon_hill;8
katayama;6
mccarthy;1
naspetti;2
andretti;1
apicella;1
badoer;5
barrichello;19
gounon;2
irvine;10
lamy;4
michael_schumacher;15
adams;1
beretta;1
coulthard;15
deletraz;2
frentzen;10
inoue;2
lagorce;1
boullion;1
diniz;6
lavaggi;2
magnussen;3
montermini;2
panis;9
papis;1
salo;7
schiattarella;1
fisichella;14
marques;3
rosset;3
verstappen;6
villeneuve;11
fontana;1
nakano;2
ralf_schumacher;11
sospiri;1
trulli;15
wurz;6
takagi;2
tuero;1
rosa;9
gene;4
sarrazin;1
zanardi;1
zonta;5
burti;2
button;18
heidfeld;12
mazzacane;2
alonso;21
bernoldi;2
enge;1
montoya;6
raikkonen;19
yoong;2
davidson;4
massa;15
mcnish;1
sato;7
webber;12
baumgartner;2
matta;2
firman;1
kiesa;1
pizzonia;3
wilson;1
bruni;1
glock;6
klien;4
pantano;1
albers;3
doornbos;2
friesacher;1
karthikeyan;3
liuzzi;6
monteiro;2
ide;1
kubica;7
montagny;1
rosberg;11
speed;2
yamamoto;3
hamilton;18
kovalainen;7
nakajima;3
sutil;7
vettel;16
markus_winkelhock;1
bourdais;2
piquet_jr;2
alguersuari;3
buemi;3
grosjean;10
kobayashi;5
chandhok;2
grassi;1
hulkenberg;13
petrov;3
bruno_senna;3
ambrosio;2
resta;4
maldonado;5
perez;14
ricciardo;14
pic;2
vergne;3
jules_bianchi;2
bottas;12
chilton;2
gutierrez;3
garde;1
ericsson;5
kvyat;6
lotterer;1
kevin_magnussen;10
stevens;2
merhi;1
nasr;2
rossi;1
sainz;10
max_verstappen;10
haryanto;1
ocon;8
jolyon_palmer;2
vandoorne;3
wehrlein;2
gasly;8
giovinazzi;4
brendon_hartley;2
stroll;8
leclerc;7
sirotkin;1
albon;5
norris;6
russell;6
aitken;1
pietro_fittipaldi;1
latifi;3
mazepin;1
mick_schumacher;2
tsunoda;4
de_vries;2
zhou;3
lawson;2
piastri;2
sargeant;2
antonelli;1
bearman;1
colapinto;1
doohan;1
