Driver Name,Season
ader,1950
agabashian,1950
ascari,1950
banks,1950
bettenhausen,1950
biondetti,1950
bira,1950
bonetto,1950
branca,1950
walt_brown,1950
cabantous,1950
cantrell,1950
darter,1950
chaboud,1950
chiron,1950
chitwood,1950
claes,1950
comotti,1950
george_connor,1950
crossley,1950
davies,1950
graffenried,1950
dinsmore,1950
etancelin,1950
fagioli,1950
fangio,1950
farina,1950
faulkner,1950
flaherty,1950
fohr,1950
abecassis,1951
agabashian,1951
ascari,1951
ayulo,1951
ball,1951
banks,1951
bettenhausen,1951
bira,1951
bonetto,1951
branca,1951
walt_brown,1951
cabantous,1951
darter,1951
chaboud,1951
chiron,1951
claes,1951
george_connor,1951
davies,1951
graffenried,1951
dinsmore,1951
etancelin,1951
fagioli,1951
fangio,1951
farina,1951
faulkner,1951
fischer,1951
forberg,1951
force,1951
parker,1951
gerard,1951
abecassis,1952
agabashian,1952
ascari,1952
aston,1952
ayulo,1952
ball,1952
balsa,1952
banks,1952
bayol,1952
bechem,1952
behra,1952
bettenhausen,1952
bianco,1952
bira,1952
bonetto,1952
brandon,1952
alan_brown,1952
brudes,1952
bryan,1952
cabantous,1952
cantoni,1952
carini,1952
darter,1952
claes,1952
collins,1952
comotti,1952
george_connor,1952
crespo,1952
crook,1952
cross,1952
adolff,1953
agabashian,1953
ascari,1953
ayulo,1953
john_barber,1953
barth,1953
bauer,1953
bayol,1953
bechem,1953
behra,1953
georges_berger,1953
bettenhausen,1953
bira,1953
birger,1953
bonetto,1953
alan_brown,1953
bryan,1953
cabantous,1953
carini,1953
darter,1953
chiron,1953
claes,1953
collins,1953
crook,1953
cross,1953
cruz,1953
davies,1953
daywalt,1953
graffenried,1953
terra,1953
agabashian,1954
armi,1954
ascari,1954
ayulo,1954
bayol,1954
beauman,1954
behra,1954
georges_berger,1954
bettenhausen,1954
bira,1954
brandon,1954
alan_brown,1954
bryan,1954
bucci,1954
darter,1954
collins,1954
crockett,1954
cross,1954
daponte,1954
davies,1954
daywalt,1954
graffenried,1954
riu,1954
duncan,1954
elisian,1954
fangio,1954
farina,1954
faulkner,1954
flaherty,1954
flockhart,1954
agabashian,1955
andrews,1955
ascari,1955
bayol,1955
behra,1955
bettenhausen,1955
birger,1955
boyd,1955
jack_brabham,1955
bryan,1955
bucci,1955
darter,1955
castellotti,1955
chiron,1955
claes,1955
collins,1955
ray_crawford,1955
cross,1955
ramos,1955
davies,1955
daywalt,1955
elisian,1955
fairman,1955
fangio,1955
farina,1955
faulkner,1955
fitch,1955
flaherty,1955
freeland,1955
frere,1955
agabashian,1956
andrews,1956
bayol,1956
behra,1956
bettenhausen,1956
bonnier,1956
boyd,1956
jack_brabham,1956
brooks,1956
bryan,1956
castellotti,1956
chapman,1956
chiron,1956
christie,1956
collins,1956
ray_crawford,1956
ramos,1956
daywalt,1956
graffenried,1956
portago,1956
dinsmore,1956
elisian,1956
emery,1956
fairman,1956
fangio,1956
flaherty,1956
flockhart,1956
freeland,1956
frere,1956
garrett,1956
agabashian,1957
barth,1957
behra,1957
bettenhausen,1957
bonnier,1957
boyd,1957
jack_brabham,1957
brooks,1957
bryan,1957
bueb,1957
castellotti,1957
cheesbourg,1957
christie,1957
collins,1957
daywalt,1957
beaufort,1957
portago,1957
tomaso,1957
edmunds,1957
elisian,1957
england,1957
fairman,1957
fangio,1957
flockhart,1957
freeland,1957
george,1957
gerard,1957
gibson,1957
godia,1957
gonzalez,1957
allison,1958
george_amick,1958
barth,1958
behra,1958
bettenhausen,1958
bisch,1958
bonnier,1958
boyd,1958
jack_brabham,1958
bridger,1958
brooks,1958
bryan,1958
bueb,1958
burgess,1958
cabianca,1958
cheesbourg,1958
chiron,1958
christie,1958
collins,1958
beaufort,1958
filippis,1958
ecclestone,1958
elisian,1958
emery,1958
fairman,1958
fangio,1958
flockhart,1958
foyt,1958
freeland,1958
garrett,1958
allison,1959
amick,1959
arnold,1959
ashdown,1959
behra,1959
bettenhausen,1959
bianchi,1959
blanchard,1959
bonnier,1959
boyd,1959
jack_brabham,1959
branson,1959
bristow,1959
brooks,1959
bryan,1959
bueb,1959
burgess,1959
cabianca,1959
cabral,1959
cade,1959
darter,1959
cheesbourg,1959
christie,1959
constantine,1959
ray_crawford,1959
davis,1959
daywalt,1959
beaufort,1959
Changy,1959
filippis,1959
allison,1960
amick,1960
barth,1960
bettenhausen,1960
bianchi,1960
bonnier,1960
bonomi,1960
boyd,1960
jack_brabham,1960
branson,1960
bristow,1960
brooks,1960
bryan,1960
burgess,1960
cabianca,1960
cabral,1960
darter,1960
chimeri,1960
christie,1960
clark,1960
creus,1960
daigh,1960
beaufort,1960
drake,1960
drogo,1960
estefano,1960
fairman,1960
flockhart,1960
force,1960
foyt,1960
allison,1961
ashmore,1961
baghetti,1961
bandini,1961
barth,1961
bianchi,1961
boffa,1961
bonnier,1961
bordeu,1961
jack_brabham,1961
brooks,1961
burgess,1961
bussinello,1961
campbell-jones,1961
clark,1961
collomb,1961
beaufort,1961
duke,1961
fairman,1961
gendebien,1961
ginther,1961
greene,1961
gregory,1961
gurney,1961
hall,1961
hansgen,1961
herrmann,1961
hill,1961
phil_hill,1961
ireland,1961
abate,1962
arundell,1962
ashmore,1962
baghetti,1962
bandini,1962
bianchi,1962
bonnier,1962
jack_brabham,1962
burgess,1962
bussinello,1962
campbell-jones,1962
chamberlain,1962
clark,1962
collomb,1962
davis,1962
beaufort,1962
estefano,1962
ginther,1962
greene,1962
gregory,1962
gurney,1962
hall,1962
harris,1962
hill,1962
phil_hill,1962
hocking,1962
ireland,1962
johnstone,1962
kuhnke,1962
lederle,1962
abate,1963
amon,1963
anderson,1963
arundell,1963
baghetti,1963
bandini,1963
bianchi,1963
blokdyk,1963
bonnier,1963
jack_brabham,1963
ernesto_brambilla,1963
broeker,1963
burgess,1963
cabral,1963
campbell-jones,1963
clark,1963
collomb,1963
beaufort,1963
klerk,1963
vos,1963
dochnal,1963
driver,1963
estefano,1963
ginther,1963
gregory,1963
gurney,1963
hailwood,1963
hall,1963
hansgen,1963
hill,1963
amon,1964
anderson,1964
arundell,1964
attwood,1964
baghetti,1964
bandini,1964
barth,1964
bonnier,1964
jack_brabham,1964
bucknum,1964
cabral,1964
clark,1964
collomb,1964
beaufort,1964
gardner,1964
ginther,1964
gurney,1964
hailwood,1964
hansgen,1964
hill,1964
phil_hill,1964
ireland,1964
love,1964
maggs,1964
mclaren,1964
mitter,1964
andre_pilette,1964
raby,1964
revson,1964
rindt,1964
amon,1965
anderson,1965
attwood,1965
baghetti,1965
bandini,1965
bassi,1965
bianchi,1965
blignaut,1965
blokdyk,1965
bondurant,1965
bonnier,1965
jack_brabham,1965
bucknum,1965
bussinello,1965
charlton,1965
clapham,1965
clark,1965
klerk,1965
gardner,1965
ginther,1965
gregory,1965
gubby,1965
gurney,1965
hailwood,1965
hawkins,1965
hill,1965
hulme,1965
ireland,1965
lederle,1965
love,1965
amon,1966
anderson,1966
arundell,1966
baghetti,1966
bandini,1966
bondurant,1966
bonnier,1966
jack_brabham,1966
bucknum,1966
clark,1966
ginther,1966
gurney,1966
hill,1966
phil_hill,1966
hulme,1966
ireland,1966
irwin,1966
lawrence,1966
ligier,1966
mclaren,1966
parkes,1966
rindt,1966
rodriguez,1966
geki,1966
scarfiotti,1966
siffert,1966
solana,1966
spence,1966
stewart,1966
surtees,1966
ahrens,1967
amon,1967
anderson,1967
attwood,1967
baghetti,1967
bandini,1967
beltoise,1967
bonnier,1967
botha,1967
jack_brabham,1967
charlton,1967
clark,1967
courage,1967
fisher,1967
ginther,1967
gurney,1967
hahne,1967
hart,1967
hill,1967
hobbs,1967
hulme,1967
ickx,1967
irwin,1967
tom_jones,1967
ligier,1967
love,1967
mclaren,1967
moser,1967
oliver,1967
parkes,1967
ahrens,1968
amon,1968
mario_andretti,1968
attwood,1968
bell,1968
beltoise,1968
bianchi,1968
bonnier,1968
jack_brabham,1968
brack,1968
charlton,1968
clark,1968
courage,1968
adamich,1968
elford,1968
gardner,1968
gurney,1968
hahne,1968
hill,1968
hobbs,1968
hulme,1968
ickx,1968
love,1968
mclaren,1968
moser,1968
oliver,1968
pescarolo,1968
pretorius,1968
redman,1968
rindt,1968
amon,1969
mario_andretti,1969
attwood,1969
bell,1969
beltoise,1969
bonnier,1969
jack_brabham,1969
brack,1969
cordts,1969
courage,1969
klerk,1969
eaton,1969
elford,1969
hill,1969
hulme,1969
ickx,1969
love,1969
lovely,1969
mclaren,1969
miles,1969
moser,1969
oliver,1969
pease,1969
rindt,1969
rodriguez,1969
gavin,1969
siffert,1969
stewart,1969
surtees,1969
tingle,1969
amon,1970
mario_andretti,1970
bell,1970
beltoise,1970
bonnier,1970
jack_brabham,1970
cevert,1970
charlton,1970
courage,1970
adamich,1970
klerk,1970
eaton,1970
emerson_fittipaldi,1970
galli,1970
gethin,1970
giunti,1970
gurney,1970
hahne,1970
hill,1970
hulme,1970
hutchison,1970
ickx,1970
love,1970
lovely,1970
mclaren,1970
miles,1970
moser,1970
oliver,1970
pescarolo,1970
peterson,1970
amon,1971
mario_andretti,1971
barber,1971
bell,1971
beltoise,1971
beuttler,1971
bonnier,1971
Cannoc,1971
cevert,1971
charlton,1971
craft,1971
adamich,1971
donohue,1971
eaton,1971
elford,1971
emerson_fittipaldi,1971
galli,1971
ganley,1971
gethin,1971
hailwood,1971
hill,1971
hobbs,1971
hulme,1971
ickx,1971
jarier,1971
jean,1971
lauda,1971
love,1971
lovely,1971
marko,1971
amon,1972
mario_andretti,1972
barber,1972
bell,1972
beltoise,1972
beuttler,1972
brack,1972
cevert,1972
charlton,1972
adamich,1972
depailler,1972
emerson_fittipaldi,1972
wilson_fittipaldi,1972
galli,1972
ganley,1972
gethin,1972
hailwood,1972
hill,1972
hulme,1972
ickx,1972
lauda,1972
love,1972
marko,1972
merzario,1972
migault,1972
oliver,1972
pace,1972
pescarolo,1972
peterson,1972
posey,1972
amon,1973
beltoise,1973
beuttler,1973
bueno,1973
cevert,1973
charlton,1973
adamich,1973
emerson_fittipaldi,1973
wilson_fittipaldi,1973
follmer,1973
galli,1973
ganley,1973
gethin,1973
hailwood,1973
hill,1973
hulme,1973
hunt,1973
ickx,1973
jarier,1973
keizan,1973
lauda,1973
mass,1973
mcrae,1973
merzario,1973
oliver,1973
pace,1973
pescarolo,1973
peterson,1973
pretorius,1973
purley,1973
amon,1974
mario_andretti,1974
ashley,1974
bell,1974
belso,1974
beltoise,1974
brambilla,1974
charlton,1974
depailler,1974
dolhem,1974
donohue,1974
driver,1974
edwards,1974
facetti,1974
emerson_fittipaldi,1974
ganley,1974
gethin,1974
hailwood,1974
hill,1974
hobbs,1974
hulme,1974
hunt,1974
ickx,1974
jabouille,1974
jarier,1974
keizan,1974
kinnunen,1974
koinigg,1974
laffite,1974
larrousse,1974
amon,1975
mario_andretti,1975
ashley,1975
brambilla,1975
brise,1975
charlton,1975
crawford,1975
depailler,1975
donohue,1975
ertl,1975
evans,1975
emerson_fittipaldi,1975
wilson_fittipaldi,1975
fushida,1975
henton,1975
hill,1975
hunt,1975
ickx,1975
jabouille,1975
jarier,1975
jones,1975
keizan,1975
laffite,1975
lauda,1975
leclere,1975
lombardi,1975
lunger,1975
magee,1975
mass,1975
merzario,1975
amon,1976
andersson,1976
mario_andretti,1976
ashley,1976
binder,1976
brambilla,1976
brown,1976
depailler,1976
villota,1976
edwards,1976
ertl,1976
evans,1976
emerson_fittipaldi,1976
galica,1976
hasemi,1976
hoffmann,1976
hoshino,1976
hunt,1976
ickx,1976
jarier,1976
jones,1976
kessel,1976
laffite,1976
lauda,1976
leclere,1976
lombardi,1976
lunger,1976
hayje,1976
magee,1976
mass,1976
andersson,1977
mario_andretti,1977
ashley,1977
binder,1977
bleekemolen,1977
brambilla,1977
dryver,1977
depailler,1977
villota,1977
edwards,1977
ertl,1977
emerson_fittipaldi,1977
francia,1977
giacomelli,1977
henton,1977
heyer,1977
hoffmann,1977
hoshino,1977
hunt,1977
ickx,1977
jabouille,1977
jarier,1977
jones,1977
keegan,1977
kessel,1977
kozarowitzky,1977
laffite,1977
lauda,1977
leoni,1977
lunger,1977
mario_andretti,1978
arnoux,1978
binder,1978
bleekemolen,1978
brambilla,1978
cheever,1978
colombo,1978
daly,1978
depailler,1978
villota,1978
ertl,1978
emerson_fittipaldi,1978
gimax,1978
gabbiani,1978
galica,1978
giacomelli,1978
hunt,1978
ickx,1978
jabouille,1978
jarier,1978
jones,1978
keegan,1978
laffite,1978
lauda,1978
lees,1978
leoni,1978
lunger,1978
mass,1978
merzario,1978
ongais,1978
mario_andretti,1979
arnoux,1979
brambilla,1979
brancatelli,1979
daly,1979
angelis,1979
depailler,1979
emerson_fittipaldi,1979
gaillard,1979
giacomelli,1979
hunt,1979
ickx,1979
jabouille,1979
jarier,1979
jones,1979
laffite,1979
lammers,1979
lauda,1979
lees,1979
mass,1979
merzario,1979
patrese,1979
piquet,1979
pironi,1979
rebaque,1979
regazzoni,1979
reutemann,1979
ribeiro,1979
keke_rosberg,1979
scheckter,1979
mario_andretti,1980
arnoux,1980
brambilla,1980
cheever,1980
cogan,1980
daly,1980
angelis,1980
cesaris,1980
depailler,1980
ertl,1980
emerson_fittipaldi,1980
giacomelli,1980
jabouille,1980
jarier,1980
johansson,1980
jones,1980
keegan,1980
kennedy,1980
laffite,1980
lammers,1980
lees,1980
mansell,1980
mass,1980
needell,1980
patrese,1980
piquet,1980
pironi,1980
prost,1980
rebaque,1980
regazzoni,1980
alboreto,1981
mario_andretti,1981
arnoux,1981
borgudd,1981
cheever,1981
cogan,1981
daly,1981
angelis,1981
cesaris,1981
francia,1981
gabbiani,1981
ghinzani,1981
giacomelli,1981
guerra,1981
henton,1981
jabouille,1981
jarier,1981
jones,1981
laffite,1981
lammers,1981
londono,1981
mansell,1981
patrese,1981
piquet,1981
pironi,1981
prost,1981
rebaque,1981
reutemann,1981
keke_rosberg,1981
salazar,1981
alboreto,1982
mario_andretti,1982
arnoux,1982
baldi,1982
boesel,1982
borgudd,1982
byrne,1982
cheever,1982
daly,1982
angelis,1982
cesaris,1982
villota,1982
fabi,1982
giacomelli,1982
guerrero,1982
henton,1982
jarier,1982
keegan,1982
laffite,1982
lammers,1982
lauda,1982
lees,1982
mansell,1982
mass,1982
moreno,1982
paletti,1982
patrese,1982
piquet,1982
pironi,1982
prost,1982
acheson,1983
alboreto,1983
arnoux,1983
baldi,1983
boesel,1983
boutsen,1983
cecotto,1983
cheever,1983
angelis,1983
cesaris,1983
corrado_fabi,1983
ghinzani,1983
giacomelli,1983
guerrero,1983
jarier,1983
johansson,1983
jones,1983
laffite,1983
lauda,1983
mansell,1983
palmer,1983
patrese,1983
piquet,1983
prost,1983
keke_rosberg,1983
salazar,1983
schlesser,1983
serra,1983
sullivan,1983
surer,1983
alboreto,1984
alliot,1984
arnoux,1984
baldi,1984
bellof,1984
berger,1984
boutsen,1984
brundle,1984
cecotto,1984
cheever,1984
angelis,1984
cesaris,1984
fabi,1984
corrado_fabi,1984
gartner,1984
ghinzani,1984
hesnault,1984
johansson,1984
laffite,1984
lauda,1984
mansell,1984
martini,1984
palmer,1984
patrese,1984
piquet,1984
prost,1984
keke_rosberg,1984
rothengatter,1984
senna,1984
streiff,1984
acheson,1985
alboreto,1985
alliot,1985
arnoux,1985
baldi,1985
bellof,1985
berger,1985
boutsen,1985
brundle,1985
capelli,1985
cheever,1985
danner,1985
angelis,1985
cesaris,1985
fabi,1985
ghinzani,1985
hesnault,1985
johansson,1985
jones,1985
laffite,1985
lauda,1985
mansell,1985
martini,1985
palmer,1985
patrese,1985
piquet,1985
prost,1985
keke_rosberg,1985
rothengatter,1985
senna,1985
alboreto,1986
alliot,1986
arnoux,1986
berg,1986
berger,1986
boutsen,1986
brundle,1986
caffi,1986
capelli,1986
cheever,1986
danner,1986
angelis,1986
cesaris,1986
dumfries,1986
fabi,1986
ghinzani,1986
johansson,1986
jones,1986
laffite,1986
mansell,1986
nannini,1986
palmer,1986
patrese,1986
piquet,1986
prost,1986
keke_rosberg,1986
rothengatter,1986
senna,1986
streiff,1986
surer,1986
alboreto,1987
alliot,1987
arnoux,1987
berger,1987
boutsen,1987
brundle,1987
caffi,1987
campos,1987
capelli,1987
cheever,1987
dalmas,1987
danner,1987
cesaris,1987
fabi,1987
fabre,1987
forini,1987
ghinzani,1987
johansson,1987
larini,1987
mansell,1987
modena,1987
moreno,1987
satoru_nakajima,1987
nannini,1987
palmer,1987
patrese,1987
piquet,1987
prost,1987
senna,1987
streiff,1987
alboreto,1988
alliot,1988
arnoux,1988
bailey,1988
berger,1988
boutsen,1988
brundle,1988
caffi,1988
campos,1988
capelli,1988
cheever,1988
dalmas,1988
cesaris,1988
ghinzani,1988
gugelmin,1988
johansson,1988
larini,1988
larrauri,1988
mansell,1988
martini,1988
modena,1988
satoru_nakajima,1988
nannini,1988
palmer,1988
patrese,1988
sala,1988
piquet,1988
prost,1988
raphanel,1988
schlesser,1988
alboreto,1989
alesi,1989
alliot,1989
arnoux,1989
barilla,1989
berger,1989
bernard,1989
bertaggia,1989
boutsen,1989
brundle,1989
caffi,1989
capelli,1989
cheever,1989
dalmas,1989
danner,1989
cesaris,1989
donnelly,1989
foitek,1989
gachot,1989
ghinzani,1989
grouillard,1989
gugelmin,1989
herbert,1989
lehto,1989
johansson,1989
larini,1989
larrauri,1989
mansell,1989
martini,1989
modena,1989
alboreto,1990
alesi,1990
alliot,1990
barilla,1990
berger,1990
bernard,1990
boutsen,1990
gary_brabham,1990
brabham,1990
caffi,1990
capelli,1990
dalmas,1990
cesaris,1990
donnelly,1990
foitek,1990
gachot,1990
giacomelli,1990
grouillard,1990
gugelmin,1990
herbert,1990
lehto,1990
johansson,1990
langes,1990
larini,1990
mansell,1990
martini,1990
modena,1990
morbidelli,1990
moreno,1990
satoru_nakajima,1990
alboreto,1991
alesi,1991
bailey,1991
barbazza,1991
bartels,1991
berger,1991
bernard,1991
blundell,1991
boutsen,1991
brundle,1991
caffi,1991
capelli,1991
chaves,1991
comas,1991
cesaris,1991
gachot,1991
grouillard,1991
gugelmin,1991
hakkinen,1991
hattori,1991
herbert,1991
lehto,1991
johansson,1991
larini,1991
mansell,1991
martini,1991
modena,1991
morbidelli,1991
moreno,1991
satoru_nakajima,1991
alboreto,1992
alesi,1992
amati,1992
belmondo,1992
berger,1992
boutsen,1992
brundle,1992
capelli,1992
chiesa,1992
comas,1992
cesaris,1992
fittipaldi,1992
gachot,1992
grouillard,1992
gugelmin,1992
hakkinen,1992
herbert,1992
damon_hill,1992
lehto,1992
katayama,1992
lammers,1992
larini,1992
mansell,1992
martini,1992
mccarthy,1992
modena,1992
morbidelli,1992
moreno,1992
naspetti,1992
patrese,1992
alboreto,1993
alesi,1993
alliot,1993
andretti,1993
apicella,1993
badoer,1993
barbazza,1993
barrichello,1993
berger,1993
blundell,1993
boutsen,1993
brundle,1993
capelli,1993
comas,1993
cesaris,1993
fittipaldi,1993
gounon,1993
hakkinen,1993
herbert,1993
damon_hill,1993
irvine,1993
lehto,1993
katayama,1993
lamy,1993
martini,1993
naspetti,1993
patrese,1993
prost,1993
michael_schumacher,1993
senna,1993
adams,1994
alboreto,1994
alesi,1994
alliot,1994
barrichello,1994
belmondo,1994
beretta,1994
berger,1994
bernard,1994
blundell,1994
brabham,1994
brundle,1994
comas,1994
coulthard,1994
dalmas,1994
cesaris,1994
deletraz,1994
fittipaldi,1994
frentzen,1994
gachot,1994
gounon,1994
hakkinen,1994
herbert,1994
damon_hill,1994
inoue,1994
irvine,1994
lehto,1994
katayama,1994
lagorce,1994
lamy,1994
alesi,1995
badoer,1995
barrichello,1995
berger,1995
blundell,1995
boullion,1995
brundle,1995
coulthard,1995
deletraz,1995
diniz,1995
frentzen,1995
gachot,1995
hakkinen,1995
herbert,1995
damon_hill,1995
inoue,1995
irvine,1995
katayama,1995
lamy,1995
lavaggi,1995
magnussen,1995
mansell,1995
martini,1995
montermini,1995
morbidelli,1995
moreno,1995
panis,1995
papis,1995
salo,1995
schiattarella,1995
alesi,1996
badoer,1996
barrichello,1996
berger,1996
brundle,1996
coulthard,1996
diniz,1996
fisichella,1996
frentzen,1996
hakkinen,1996
herbert,1996
damon_hill,1996
irvine,1996
katayama,1996
lamy,1996
lavaggi,1996
marques,1996
montermini,1996
panis,1996
rosset,1996
salo,1996
michael_schumacher,1996
verstappen,1996
villeneuve,1996
alesi,1997
barrichello,1997
berger,1997
coulthard,1997
diniz,1997
fisichella,1997
fontana,1997
frentzen,1997
hakkinen,1997
herbert,1997
damon_hill,1997
irvine,1997
katayama,1997
larini,1997
magnussen,1997
marques,1997
morbidelli,1997
nakano,1997
panis,1997
rosset,1997
salo,1997
michael_schumacher,1997
ralf_schumacher,1997
sospiri,1997
trulli,1997
verstappen,1997
villeneuve,1997
wurz,1997
alesi,1998
barrichello,1998
coulthard,1998
diniz,1998
fisichella,1998
frentzen,1998
hakkinen,1998
herbert,1998
damon_hill,1998
irvine,1998
magnussen,1998
nakano,1998
panis,1998
rosset,1998
salo,1998
michael_schumacher,1998
ralf_schumacher,1998
takagi,1998
trulli,1998
tuero,1998
verstappen,1998
villeneuve,1998
wurz,1998
alesi,1999
badoer,1999
barrichello,1999
coulthard,1999
rosa,1999
diniz,1999
fisichella,1999
frentzen,1999
gene,1999
hakkinen,1999
herbert,1999
damon_hill,1999
irvine,1999
panis,1999
salo,1999
sarrazin,1999
michael_schumacher,1999
ralf_schumacher,1999
takagi,1999
trulli,1999
villeneuve,1999
wurz,1999
zanardi,1999
zonta,1999
alesi,2000
barrichello,2000
burti,2000
button,2000
coulthard,2000
rosa,2000
diniz,2000
fisichella,2000
frentzen,2000
gene,2000
hakkinen,2000
heidfeld,2000
herbert,2000
irvine,2000
mazzacane,2000
salo,2000
michael_schumacher,2000
ralf_schumacher,2000
trulli,2000
verstappen,2000
villeneuve,2000
wurz,2000
zonta,2000
alesi,2001
alonso,2001
barrichello,2001
bernoldi,2001
burti,2001
button,2001
coulthard,2001
rosa,2001
enge,2001
fisichella,2001
frentzen,2001
hakkinen,2001
heidfeld,2001
irvine,2001
marques,2001
mazzacane,2001
montoya,2001
panis,2001
raikkonen,2001
michael_schumacher,2001
ralf_schumacher,2001
trulli,2001
verstappen,2001
villeneuve,2001
yoong,2001
zonta,2001
barrichello,2002
bernoldi,2002
button,2002
coulthard,2002
davidson,2002
rosa,2002
fisichella,2002
frentzen,2002
heidfeld,2002
irvine,2002
massa,2002
mcnish,2002
montoya,2002
panis,2002
raikkonen,2002
salo,2002
sato,2002
michael_schumacher,2002
ralf_schumacher,2002
trulli,2002
villeneuve,2002
webber,2002
yoong,2002
alonso,2003
barrichello,2003
baumgartner,2003
button,2003
coulthard,2003
matta,2003
firman,2003
fisichella,2003
frentzen,2003
gene,2003
heidfeld,2003
kiesa,2003
montoya,2003
panis,2003
pizzonia,2003
raikkonen,2003
sato,2003
michael_schumacher,2003
ralf_schumacher,2003
trulli,2003
verstappen,2003
villeneuve,2003
webber,2003
wilson,2003
alonso,2004
barrichello,2004
baumgartner,2004
bruni,2004
button,2004
coulthard,2004
matta,2004
fisichella,2004
gene,2004
glock,2004
heidfeld,2004
klien,2004
massa,2004
montoya,2004
panis,2004
pantano,2004
pizzonia,2004
raikkonen,2004
sato,2004
michael_schumacher,2004
ralf_schumacher,2004
trulli,2004
villeneuve,2004
webber,2004
zonta,2004
albers,2005
alonso,2005
barrichello,2005
button,2005
coulthard,2005
davidson,2005
rosa,2005
doornbos,2005
fisichella,2005
friesacher,2005
heidfeld,2005
karthikeyan,2005
klien,2005
liuzzi,2005
massa,2005
monteiro,2005
montoya,2005
pizzonia,2005
raikkonen,2005
sato,2005
michael_schumacher,2005
ralf_schumacher,2005
trulli,2005
villeneuve,2005
webber,2005
wurz,2005
zonta,2005
albers,2006
alonso,2006
barrichello,2006
button,2006
coulthard,2006
rosa,2006
doornbos,2006
fisichella,2006
heidfeld,2006
ide,2006
klien,2006
kubica,2006
liuzzi,2006
massa,2006
montagny,2006
monteiro,2006
montoya,2006
raikkonen,2006
rosberg,2006
sato,2006
michael_schumacher,2006
ralf_schumacher,2006
speed,2006
trulli,2006
villeneuve,2006
webber,2006
yamamoto,2006
albers,2007
alonso,2007
barrichello,2007
button,2007
coulthard,2007
davidson,2007
fisichella,2007
hamilton,2007
heidfeld,2007
kovalainen,2007
kubica,2007
liuzzi,2007
massa,2007
nakajima,2007
raikkonen,2007
rosberg,2007
sato,2007
ralf_schumacher,2007
speed,2007
sutil,2007
trulli,2007
vettel,2007
webber,2007
markus_winkelhock,2007
wurz,2007
yamamoto,2007
alonso,2008
barrichello,2008
bourdais,2008
button,2008
coulthard,2008
davidson,2008
fisichella,2008
glock,2008
hamilton,2008
heidfeld,2008
kovalainen,2008
kubica,2008
massa,2008
nakajima,2008
piquet_jr,2008
raikkonen,2008
rosberg,2008
sato,2008
sutil,2008
trulli,2008
vettel,2008
webber,2008
alguersuari,2009
alonso,2009
badoer,2009
barrichello,2009
bourdais,2009
buemi,2009
button,2009
fisichella,2009
glock,2009
grosjean,2009
hamilton,2009
heidfeld,2009
kobayashi,2009
kovalainen,2009
kubica,2009
liuzzi,2009
massa,2009
nakajima,2009
piquet_jr,2009
raikkonen,2009
rosberg,2009
sutil,2009
trulli,2009
vettel,2009
webber,2009
alguersuari,2010
alonso,2010
barrichello,2010
buemi,2010
button,2010
chandhok,2010
rosa,2010
grassi,2010
glock,2010
hamilton,2010
heidfeld,2010
hulkenberg,2010
klien,2010
kobayashi,2010
kovalainen,2010
kubica,2010
liuzzi,2010
massa,2010
petrov,2010
rosberg,2010
michael_schumacher,2010
bruno_senna,2010
sutil,2010
trulli,2010
vettel,2010
webber,2010
yamamoto,2010
alguersuari,2011
alonso,2011
barrichello,2011
buemi,2011
button,2011
chandhok,2011
ambrosio,2011
rosa,2011
resta,2011
glock,2011
hamilton,2011
heidfeld,2011
karthikeyan,2011
kobayashi,2011
kovalainen,2011
liuzzi,2011
maldonado,2011
massa,2011
perez,2011
petrov,2011
ricciardo,2011
rosberg,2011
michael_schumacher,2011
bruno_senna,2011
sutil,2011
trulli,2011
vettel,2011
webber,2011
alonso,2012
button,2012
ambrosio,2012
rosa,2012
resta,2012
glock,2012
grosjean,2012
hamilton,2012
hulkenberg,2012
karthikeyan,2012
kobayashi,2012
kovalainen,2012
maldonado,2012
massa,2012
perez,2012
petrov,2012
pic,2012
raikkonen,2012
ricciardo,2012
rosberg,2012
michael_schumacher,2012
bruno_senna,2012
vergne,2012
vettel,2012
webber,2012
alonso,2013
jules_bianchi,2013
bottas,2013
button,2013
chilton,2013
resta,2013
grosjean,2013
gutierrez,2013
hamilton,2013
hulkenberg,2013
kovalainen,2013
maldonado,2013
massa,2013
perez,2013
pic,2013
raikkonen,2013
ricciardo,2013
rosberg,2013
sutil,2013
garde,2013
vergne,2013
vettel,2013
webber,2013
alonso,2014
jules_bianchi,2014
bottas,2014
button,2014
chilton,2014
ericsson,2014
grosjean,2014
gutierrez,2014
hamilton,2014
hulkenberg,2014
kobayashi,2014
kvyat,2014
lotterer,2014
kevin_magnussen,2014
maldonado,2014
massa,2014
perez,2014
raikkonen,2014
ricciardo,2014
rosberg,2014
stevens,2014
sutil,2014
vergne,2014
vettel,2014
alonso,2015
bottas,2015
button,2015
ericsson,2015
grosjean,2015
hamilton,2015
hulkenberg,2015
kvyat,2015
kevin_magnussen,2015
maldonado,2015
massa,2015
merhi,2015
nasr,2015
perez,2015
raikkonen,2015
ricciardo,2015
rosberg,2015
rossi,2015
sainz,2015
stevens,2015
max_verstappen,2015
vettel,2015
alonso,2016
bottas,2016
button,2016
ericsson,2016
grosjean,2016
gutierrez,2016
hamilton,2016
haryanto,2016
hulkenberg,2016
kvyat,2016
kevin_magnussen,2016
massa,2016
nasr,2016
ocon,2016
jolyon_palmer,2016
perez,2016
raikkonen,2016
ricciardo,2016
rosberg,2016
sainz,2016
vandoorne,2016
max_verstappen,2016
vettel,2016
wehrlein,2016
alonso,2017
bottas,2017
button,2017
resta,2017
ericsson,2017
gasly,2017
giovinazzi,2017
grosjean,2017
hamilton,2017
brendon_hartley,2017
hulkenberg,2017
kvyat,2017
kevin_magnussen,2017
massa,2017
ocon,2017
jolyon_palmer,2017
perez,2017
raikkonen,2017
ricciardo,2017
sainz,2017
stroll,2017
vandoorne,2017
max_verstappen,2017
vettel,2017
wehrlein,2017
alonso,2018
bottas,2018
ericsson,2018
gasly,2018
grosjean,2018
hamilton,2018
brendon_hartley,2018
hulkenberg,2018
leclerc,2018
kevin_magnussen,2018
ocon,2018
perez,2018
raikkonen,2018
ricciardo,2018
sainz,2018
sirotkin,2018
stroll,2018
vandoorne,2018
max_verstappen,2018
vettel,2018
albon,2019
bottas,2019
gasly,2019
giovinazzi,2019
grosjean,2019
hamilton,2019
hulkenberg,2019
kubica,2019
kvyat,2019
leclerc,2019
kevin_magnussen,2019
norris,2019
perez,2019
raikkonen,2019
ricciardo,2019
russell,2019
sainz,2019
stroll,2019
max_verstappen,2019
vettel,2019
aitken,2020
albon,2020
bottas,2020
pietro_fittipaldi,2020
gasly,2020
giovinazzi,2020
grosjean,2020
hamilton,2020
hulkenberg,2020
kvyat,2020
latifi,2020
leclerc,2020
kevin_magnussen,2020
norris,2020
ocon,2020
perez,2020
raikkonen,2020
ricciardo,2020
russell,2020
sainz,2020
stroll,2020
max_verstappen,2020
vettel,2020
alonso,2021
bottas,2021
gasly,2021
giovinazzi,2021
hamilton,2021
kubica,2021
latifi,2021
leclerc,2021
mazepin,2021
norris,2021
ocon,2021
perez,2021
raikkonen,2021
ricciardo,2021
russell,2021
sainz,2021
mick_schumacher,2021
stroll,2021
tsunoda,2021
max_verstappen,2021
vettel,2021
albon,2022
alonso,2022
bottas,2022
de_vries,2022
gasly,2022
hamilton,2022
hulkenberg,2022
latifi,2022
leclerc,2022
kevin_magnussen,2022
norris,2022
ocon,2022
perez,2022
ricciardo,2022
russell,2022
sainz,2022
mick_schumacher,2022
stroll,2022
tsunoda,2022
max_verstappen,2022
vettel,2022
zhou,2022
albon,2023
alonso,2023
bottas,2023
de_vries,2023
gasly,2023
hamilton,2023
hulkenberg,2023
lawson,2023
leclerc,2023
kevin_magnussen,2023
norris,2023
ocon,2023
perez,2023
piastri,2023
ricciardo,2023
russell,2023
sainz,2023
sargeant,2023
stroll,2023
tsunoda,2023
max_verstappen,2023
zhou,2023
albon,2024
alonso,2024
antonelli,2024
bearman,2024
bottas,2024
colapinto,2024
doohan,2024
gasly,2024
hamilton,2024
hulkenberg,2024
lawson,2024
leclerc,2024
kevin_magnussen,2024
norris,2024
ocon,2024
perez,2024
piastri,2024
ricciardo,2024
russell,2024
sainz,2024
sargeant,2024
stroll,2024
tsunoda,2024
max_verstappen,2024
zhou,2024
